rank,position,sense_seq,antisense_seq,gc_percent,score,off_target
1,591,AATGGATGACAGTGATCAG,CTGATCACTGTCATCCATT,42.1,9,PASS
2,1192,AGTGAATACTCTGGCAATG,CATTGCCAGAGTATTCACT,42.1,9,PASS
3,1289,ATTACAGTTCCACATCAAG,CTTGATGTGGAACTGTAAT,36.8,9,PASS
4,388,AGAATCATCCGGACCAAAG,CTTTGGTCCGGATGATTCT,47.4,9,PASS
5,390,AATCATCCGGACCAAAGTG,CACTTTGGTCCGGATGATT,47.4,9,PASS
6,987,TTTGGATCTGCAGCAAGTC,GACTTGCTGCAGATCCAAA,47.4,9,PASS
7,1286,ATTATTACAGTTCCACATC,GATGTGGAACTGTAATAAT,31.6,9,PASS
8,1288,TATTACAGTTCCACATCAA,TTGATGTGGAACTGTAATA,31.6,9,PASS
9,269,AGAAGATTGGGGACTACAA,TTGTAGTCCCCAATCTTCT,42.1,8,PASS
10,271,AAGATTGGGGACTACAAAC,GTTTGTAGTCCCCAATCTT,42.1,8,PASS
